﻿Designator,Footprint,Quantity,Value,LCSC Part #
BRD1,SSD1306-0.91-OLED-4pin-128x32,1,SSD1306,
"C1, C10, C11, C12, C13, C14, C19, C2, C20, C21, C22, C23, C24, C25, C26, C27, C28, C29, C3, C30, C31, C32, C33, C34, C35, C36, C37, C38, C39, C4, C40, C41, C42, C43, C44, C45, C46, C47, C48, C49, C5, C50, C51, C52, C54, C55, C56, C57, C58, C59, C6, C60, C61, C62, C63, C64, C65, C66, C67, C68, C69, C7, C70, C71, C72, C73, C74, C75, C76, C77, C78, C79, C8, C80, C81, C82, C83, C84, C85, C86, C87, C88, C89, C9, C90, C91, C92, C93, C95, C96",0805,90,0.1uf,
"C15, C16, C17",0805,3,4.7uf,
"C18, C53, C94",0805,3,1uf,
"D1, D10, D11, D12, D13, D14, D16, D17, D18, D19, D2, D20, D21, D22, D23, D24, D25, D26, D27, D28, D29, D3, D30, D31, D32, D33, D34, D35, D36, D37, D38, D39, D4, D40, D41, D42, D43, D44, D45, D46, D47, D48, D49, D5, D50, D51, D52, D53, D54, D55, D56, D57, D58, D59, D6, D60, D61, D62, D63, D64, D65, D67, D68, D69, D7, D70, D71, D72, D73, D74, D75, D76, D77, D78, D79, D8, D80, D81, D82, D83, D84, D85, D86, D87, D88, D89, D9, D90",D_MiniMELF_Handsoldering,88,D,
"D15, D66, D91, D92, D93, D94",0603,6,LED,
"J2, J3",PinHeader_1x02_P2.54mm_Vertical,2,Conn_01x02_Pin,
J5,PinHeader_1x03_P2.54mm_Vertical,1,Conn_01x03_Pin,
"J6, J7",USB_C_Receptacle_GCT_USB4105-xx-A_16P_TopMnt_Horizontal,2,USB_C_Receptacle_USB2.0_14P,
"LED1, LED10, LED11, LED12, LED13, LED14, LED2, LED3, LED32, LED33, LED34, LED35, LED36, LED37, LED38, LED39, LED4, LED40, LED41, LED42, LED43, LED44, LED45, LED46, LED47, LED48, LED5, LED6, LED65, LED66, LED67, LED68, LED69, LED7, LED70, LED71, LED72, LED73, LED74, LED75, LED76, LED77, LED8, LED9",LED_MX_6028R,44,MX_SK6812MINI-E,
"LED15, LED16, LED17, LED18, LED19, LED20, LED21, LED22, LED23, LED24, LED25, LED26, LED27, LED28, LED29, LED30, LED31, LED49, LED50, LED51, LED52, LED53, LED54, LED55, LED56, LED57, LED58, LED59, LED60, LED61, LED62, LED63, LED64, LED78, LED79, LED80, LED81, LED82, LED83, LED84, LED85, LED86, LED87, LED88",LED_MX_6028R-ROT,44,MX_SK6812MINI-E,
"R1, R12, R13, R8, R9",0805,5,470Ω,
"R10, R11, R2, R7",0805,4,4.7kΩ,
"R14, R17",0805,2,10kΩ,
"R15, R18",0805,2,1kΩ,
"R16, R19",0805,2,200Ω,
"R3, R4, R5, R6",0805,4,5.1kΩ,
S1,STAB_MX_P_2u,1,MX_stab,
"S2, S3",STAB_MX_P_2.25u,2,MX_stab,
S4,STAB_MX_P_2.75u,1,MX_stab,
S5,STAB_MX_P_6.25u,1,MX_stab,
"SW1, SW14, SW32, SW45",SW_MX_1.5u,4,SW_Push,
"SW10, SW11, SW12, SW13, SW15, SW16, SW17, SW18, SW19, SW2, SW20, SW21, SW22, SW23, SW24, SW25, SW26, SW27, SW28, SW29, SW3, SW30, SW31, SW33, SW34, SW35, SW36, SW37, SW38, SW39, SW4, SW40, SW41, SW42, SW43, SW44, SW46, SW47, SW48, SW5, SW50, SW51, SW52, SW53, SW54, SW55, SW56, SW57, SW58, SW59, SW6, SW60, SW61, SW62, SW63, SW64, SW65, SW66, SW67, SW68, SW69, SW7, SW70, SW71, SW72, SW73, SW74, SW75, SW76, SW77, SW8, SW81, SW86, SW87, SW88, SW9",SW_MX_1u,76,SW_Push,
SW49,SW_MX_1.75u,1,SW_Push,
"SW78, SW79, SW80, SW82, SW83, SW84, SW85",SW_MX_1.25u,7,SW_Push,
"TP1, TP2, TP3, TP4, TP5, TP6",TestPoint_Pad_D3.0mm,6,TestPoint,
"U1, U2",SOT-583-8,2,TPS2116DRL,
U3,SOT-23-6,1,SN74LVC1T45DBV,
U4,RPi_Pico_SMD_TH,1,Pico,
"U5, U6",SSOP-10-1EP_3.9x4.9mm_P1mm_EP2.1x3.3mm,2,CH224K,
